{
  "content_type": {
    "precision": 1.0,
    "recall": 1.0,
    "f1-score": 1.0,
    "support": 12,
    "confused_with": {}
  },
  "Tparent": {
    "precision": 1.0,
    "recall": 1.0,
    "f1-score": 1.0,
    "support": 53,
    "confused_with": {}
  },
  "Tchild": {
    "precision": 1.0,
    "recall": 0.9836065573770492,
    "f1-score": 0.9917355371900827,
    "support": 61,
    "confused_with": {}
  },
  "micro avg": {
    "precision": 1.0,
    "recall": 0.9920634920634921,
    "f1-score": 0.9960159362549801,
    "support": 126
  },
  "macro avg": {
    "precision": 1.0,
    "recall": 0.9945355191256832,
    "f1-score": 0.997245179063361,
    "support": 126
  },
  "weighted avg": {
    "precision": 1.0,
    "recall": 0.9920634920634921,
    "f1-score": 0.9959989505444051,
    "support": 126
  }
}