{
  "config": [
    [
      0.8478664610243557,
      0.8648113324583913,
      0.8335811247575953,
      0.7531567953379583
    ],
    [
      0.8626607833768959,
      0.8257536860898205,
      0.7923242190748359,
      0.8070106287557651
    ],
    [
      0.8640755561317839,
      0.8977017461489512,
      0.8031154810102179,
      0.7933753798415454
    ]
  ],
  "config1": [
    [
      0.0,
      0.0,
      0.0,
      0.0
    ],
    [
      0.0,
      0.0,
      0.0,
      0.0
    ],
    [
      0.0,
      0.0,
      0.0,
      0.0
    ]
  ]
}