{
  "content_type": {
    "precision": 0.9,
    "recall": 1.0,
    "f1-score": 0.9473684210526316,
    "support": 9,
    "confused_with": {}
  },
  "Tchild": {
    "precision": 0.9859154929577465,
    "recall": 0.9859154929577465,
    "f1-score": 0.9859154929577465,
    "support": 71,
    "confused_with": {}
  },
  "Tparent": {
    "precision": 0.9811320754716981,
    "recall": 1.0,
    "f1-score": 0.9904761904761905,
    "support": 52,
    "confused_with": {}
  },
  "micro avg": {
    "precision": 0.9776119402985075,
    "recall": 0.9924242424242424,
    "f1-score": 0.9849624060150376,
    "support": 132
  },
  "macro avg": {
    "precision": 0.9556825228098148,
    "recall": 0.9953051643192489,
    "f1-score": 0.9745867014955228,
    "support": 132
  },
  "weighted avg": {
    "precision": 0.9781732418524871,
    "recall": 0.9924242424242424,
    "f1-score": 0.9850839219260272,
    "support": 132
  }
}