{
  "reset": {
    "precision": 0.0,
    "recall": 0.0,
    "f1-score": 0.0,
    "support": 1,
    "confused_with": {
      "next_level_affirm": 1
    }
  },
  "research_q": {
    "precision": 0.9166666666666666,
    "recall": 1.0,
    "f1-score": 0.9565217391304348,
    "support": 11,
    "confused_with": {}
  },
  "know_about": {
    "precision": 0.9411764705882353,
    "recall": 1.0,
    "f1-score": 0.9696969696969697,
    "support": 16,
    "confused_with": {}
  },
  "know_more": {
    "precision": 0.5555555555555556,
    "recall": 1.0,
    "f1-score": 0.7142857142857143,
    "support": 5,
    "confused_with": {}
  },
  "reset_topic": {
    "precision": 0.0,
    "recall": 0.0,
    "f1-score": 0.0,
    "support": 3,
    "confused_with": {
      "know_more": 2,
      "know_about": 1
    }
  },
  "research_open": {
    "precision": 1.0,
    "recall": 0.5,
    "f1-score": 0.6666666666666666,
    "support": 2,
    "confused_with": {
      "research_q": 1
    }
  },
  "next_level": {
    "precision": 1.0,
    "recall": 1.0,
    "f1-score": 1.0,
    "support": 36,
    "confused_with": {}
  },
  "next_level_deny": {
    "precision": 1.0,
    "recall": 0.5,
    "f1-score": 0.6666666666666666,
    "support": 2,
    "confused_with": {
      "know_more": 1
    }
  },
  "compliment": {
    "precision": 0.6666666666666666,
    "recall": 0.5,
    "f1-score": 0.5714285714285715,
    "support": 4,
    "confused_with": {
      "next_level_affirm": 1,
      "know_more": 1
    }
  },
  "next_level_affirm": {
    "precision": 0.7272727272727273,
    "recall": 1.0,
    "f1-score": 0.8421052631578948,
    "support": 8,
    "confused_with": {}
  },
  "greet": {
    "precision": 0.0,
    "recall": 0.0,
    "f1-score": 0.0,
    "support": 1,
    "confused_with": {
      "compliment": 1
    }
  },
  "bye": {
    "precision": 1.0,
    "recall": 0.5,
    "f1-score": 0.6666666666666666,
    "support": 2,
    "confused_with": {
      "next_level_affirm": 1
    }
  },
  "accuracy": 0.8901098901098901,
  "macro avg": {
    "precision": 0.6506115072291543,
    "recall": 0.5833333333333334,
    "f1-score": 0.5878365214749653,
    "support": 91
  },
  "weighted avg": {
    "precision": 0.8615910233557293,
    "recall": 0.8901098901098901,
    "f1-score": 0.8640755561317839,
    "support": 91
  }
}