{
  "content_type": {
    "precision": 0.9230769230769231,
    "recall": 1.0,
    "f1-score": 0.9600000000000001,
    "support": 12,
    "confused_with": {}
  },
  "Tchild": {
    "precision": 0.971830985915493,
    "recall": 0.9857142857142858,
    "f1-score": 0.9787234042553192,
    "support": 70,
    "confused_with": {}
  },
  "Tparent": {
    "precision": 1.0,
    "recall": 1.0,
    "f1-score": 1.0,
    "support": 53,
    "confused_with": {}
  },
  "micro avg": {
    "precision": 0.9781021897810219,
    "recall": 0.9925925925925926,
    "f1-score": 0.9852941176470589,
    "support": 135
  },
  "macro avg": {
    "precision": 0.9649693029974721,
    "recall": 0.9952380952380953,
    "f1-score": 0.9795744680851065,
    "support": 135
  },
  "weighted avg": {
    "precision": 0.9785562377111673,
    "recall": 0.9925925925925926,
    "f1-score": 0.9854121355397951,
    "support": 135
  }
}