{
  "reset": {
    "precision": 1.0,
    "recall": 1.0,
    "f1-score": 1.0,
    "support": 1,
    "confused_with": {}
  },
  "research_q": {
    "precision": 0.9166666666666666,
    "recall": 1.0,
    "f1-score": 0.9565217391304348,
    "support": 11,
    "confused_with": {}
  },
  "know_about": {
    "precision": 0.9411764705882353,
    "recall": 1.0,
    "f1-score": 0.9696969696969697,
    "support": 16,
    "confused_with": {}
  },
  "know_more": {
    "precision": 1.0,
    "recall": 0.8,
    "f1-score": 0.888888888888889,
    "support": 5,
    "confused_with": {
      "next_level_deny": 1
    }
  },
  "reset_topic": {
    "precision": 0.5,
    "recall": 0.6666666666666666,
    "f1-score": 0.5714285714285715,
    "support": 3,
    "confused_with": {
      "know_about": 1
    }
  },
  "research_open": {
    "precision": 1.0,
    "recall": 0.5,
    "f1-score": 0.6666666666666666,
    "support": 2,
    "confused_with": {
      "research_q": 1
    }
  },
  "next_level": {
    "precision": 1.0,
    "recall": 1.0,
    "f1-score": 1.0,
    "support": 36,
    "confused_with": {}
  },
  "next_level_deny": {
    "precision": 0.4,
    "recall": 1.0,
    "f1-score": 0.5714285714285715,
    "support": 2,
    "confused_with": {}
  },
  "compliment": {
    "precision": 0.6666666666666666,
    "recall": 0.5,
    "f1-score": 0.5714285714285715,
    "support": 4,
    "confused_with": {
      "reset_topic": 2
    }
  },
  "next_level_affirm": {
    "precision": 0.8571428571428571,
    "recall": 0.75,
    "f1-score": 0.7999999999999999,
    "support": 8,
    "confused_with": {
      "next_level_deny": 2
    }
  },
  "greet": {
    "precision": 0.0,
    "recall": 0.0,
    "f1-score": 0.0,
    "support": 1,
    "confused_with": {
      "compliment": 1
    }
  },
  "bye": {
    "precision": 1.0,
    "recall": 0.5,
    "f1-score": 0.6666666666666666,
    "support": 2,
    "confused_with": {
      "next_level_affirm": 1
    }
  },
  "accuracy": 0.9010989010989011,
  "macro avg": {
    "precision": 0.7734710550887022,
    "recall": 0.7263888888888889,
    "f1-score": 0.7218938871112784,
    "support": 91
  },
  "weighted avg": {
    "precision": 0.9117139163357652,
    "recall": 0.9010989010989011,
    "f1-score": 0.8977017461489512,
    "support": 91
  }
}