{
  "content_type": {
    "precision": 1.0,
    "recall": 0.8333333333333334,
    "f1-score": 0.9090909090909091,
    "support": 12,
    "confused_with": {}
  },
  "Tparent": {
    "precision": 1.0,
    "recall": 1.0,
    "f1-score": 1.0,
    "support": 53,
    "confused_with": {}
  },
  "Tchild": {
    "precision": 1.0,
    "recall": 0.8852459016393442,
    "f1-score": 0.9391304347826086,
    "support": 61,
    "confused_with": {}
  },
  "micro avg": {
    "precision": 1.0,
    "recall": 0.9285714285714286,
    "f1-score": 0.962962962962963,
    "support": 126
  },
  "macro avg": {
    "precision": 1.0,
    "recall": 0.9061930783242259,
    "f1-score": 0.9494071146245059,
    "support": 126
  },
  "weighted avg": {
    "precision": 1.0,
    "recall": 0.9285714285714286,
    "f1-score": 0.9618733923081749,
    "support": 126
  }
}